<?xml version="1.0" encoding="UTF-8" standalone="no"?>
<project>
	<configuration id="ilg.gnuarmeclipse.managedbuild.cross.config.elf.debug.694166333" name="Debug">
		<extension point="org.eclipse.cdt.core.LanguageSettingsProvider">
			<provider copy-of="extension" id="org.eclipse.cdt.ui.UserLanguageSettingsProvider"/>
			<provider-reference id="org.eclipse.cdt.core.ReferencedProjectsLanguageSettingsProvider" ref="shared-provider"/>
			<provider-reference id="org.eclipse.cdt.managedbuilder.core.MBSLanguageSettingsProvider" ref="shared-provider"/>
			<provider class="org.eclipse.cdt.managedbuilder.language.settings.providers.GCCBuiltinSpecsDetector" console="false" env-hash="-728472888168233539" id="org.eclipse.embedcdt.managedbuild.cross.arm.core.GCCBuiltinSpecsDetector" keep-relative-paths="false" name="CDT Arm Cross GCC Built-in Compiler Settings" parameter="${cy_tools_path:CY_TOOL_arm-none-eabi-gcc_EXE} ${FLAGS} ${cross_toolchain_flags} -E -P -v -dD &quot;${INPUTS}&quot;" prefer-non-shared="true">
				<language-scope id="org.eclipse.cdt.core.gcc"/>
				<language-scope id="org.eclipse.cdt.core.g++"/>
			</provider>
			<provider build-parser-id="org.eclipse.cdt.managedbuilder.core.GCCBuildCommandParser" cdb-modified-time="1714755858052" cdb-path="${ProjDirPath}\build\compile_commands.json" class="org.eclipse.cdt.managedbuilder.internal.language.settings.providers.CompilationDatabaseParser" id="org.eclipse.cdt.managedbuilder.core.CompilationDatabaseParser" name="Compilation Database Parser" prefer-non-shared="true"/>
			<provider class="org.eclipse.cdt.managedbuilder.language.settings.providers.GCCBuildCommandParser" id="org.eclipse.cdt.managedbuilder.core.GCCBuildCommandParser" keep-relative-paths="false" name="CDT GCC Build Output Parser" parameter="([^/\\\\]*)((g?cc)|([gc]\+\+)|(clang))|Compiling" prefer-non-shared="true" resource-scope="per-file"/>
		</extension>
	</configuration>
	<configuration id="ilg.gnuarmeclipse.managedbuild.cross.config.elf.release.1575725410" name="Release">
		<extension point="org.eclipse.cdt.core.LanguageSettingsProvider">
			<provider copy-of="extension" id="org.eclipse.cdt.ui.UserLanguageSettingsProvider"/>
			<provider-reference id="org.eclipse.cdt.core.ReferencedProjectsLanguageSettingsProvider" ref="shared-provider"/>
			<provider-reference id="org.eclipse.cdt.managedbuilder.core.MBSLanguageSettingsProvider" ref="shared-provider"/>
			<provider class="org.eclipse.cdt.managedbuilder.language.settings.providers.GCCBuiltinSpecsDetector" console="false" env-hash="-722990341665340105" id="org.eclipse.embedcdt.managedbuild.cross.arm.core.GCCBuiltinSpecsDetector" keep-relative-paths="false" name="CDT Arm Cross GCC Built-in Compiler Settings" parameter="${cy_tools_path:CY_TOOL_arm-none-eabi-gcc_EXE} ${FLAGS} ${cross_toolchain_flags} -E -P -v -dD &quot;${INPUTS}&quot;" prefer-non-shared="true">
				<language-scope id="org.eclipse.cdt.core.gcc"/>
				<language-scope id="org.eclipse.cdt.core.g++"/>
			</provider>
			<provider build-parser-id="org.eclipse.cdt.managedbuilder.core.GCCBuildCommandParser" cdb-path="${ProjDirPath}\build\compile_commands.json" class="org.eclipse.cdt.managedbuilder.internal.language.settings.providers.CompilationDatabaseParser" id="org.eclipse.cdt.managedbuilder.core.CompilationDatabaseParser" name="Compilation Database Parser" prefer-non-shared="true"/>
			<provider class="org.eclipse.cdt.managedbuilder.language.settings.providers.GCCBuildCommandParser" id="org.eclipse.cdt.managedbuilder.core.GCCBuildCommandParser" keep-relative-paths="false" name="CDT GCC Build Output Parser" parameter="([^/\\\\]*)((g?cc)|([gc]\+\+)|(clang))|Compiling" prefer-non-shared="true" resource-scope="per-file"/>
		</extension>
	</configuration>
</project>